title,point
셜록: 유령신부,7.51
포인트 브레이크,8.60
짱구는 못말려 극장판: 나의 이사 이야기 선인장 대습격,8.75
굿 다이노,8.92
나를 잊지 말아요,6.72
유스,8.46
헤이트풀8,8.82
잡아야 산다,7.26
레버넌트: 죽음에서 돌아온 자,7.97
구스범스,8.58
그날의 분위기,7.86
오빠생각,8.50
극장판 꼬마버스 타요의 에이스 구출작전,8.81
빅쇼트,8.09
스티브 잡스,7.28
"로봇, 소리",8.25
쿵푸팬더3,8.78
세기의 매치,7.97
검사외전,8.56
최강전사 미니특공대: 영웅의 탄생,8.45
캐롤,8.68
앨빈과 슈퍼밴드: 악동 어드벤처,8.43
나쁜놈은 죽는다,6.73
드레스메이커,8.00
극장판 아이엠스타 : 꿈의 오디션!,8.58
주토피아,9.33
좋아해줘,8.60
데드풀,8.25
동주,9.18
대니쉬 걸,8.88
빌리와 용감한 녀석들: 치킨 히어로,7.78
귀향,9.33
순정,8.94
레터스 투 갓,9.08
제 5침공,6.45
남과 여,7.56
13시간,8.43
룸,9.04
갓 오브 이집트,8.02
널 기다리며,7.74
런던 해즈 폴른,8.47
엽문3: 최후의 대결,8.55
조이,7.94
일사각오,9.42
스푹스:MI5,8.02
오 마이 그랜파,8.22
배트맨 대 슈퍼맨: 저스티스의 시작,7.15
글로리데이,8.54
"헤일, 시저!",7.50
대배우,7.14
나의 그리스식 웨딩 2,8.51
포레스트: 죽음의 숲,7.52
마음이 외치고 싶어해,8.33
미스컨덕트,6.22
"날, 보러와요",8.03
클로버필드 10번지,7.47
독수리 에디,8.96
33,8.96
트럼보,8.76
라스트 홈,9.17
해어화,8.23
시간이탈자,7.88
헌츠맨: 윈터스 워,7.53
극장판 프랭키와 친구들: 생명의 나무,8.59
4등,8.72
트리플 9,6.21
브루클린,8.39
파라노말 액티비티: 더 고스트 디멘션,6.48
위대한 소원,8.19
캡틴 아메리카: 시빌 워,8.83
태양 아래,8.53
시크릿 인 데어 아이즈,7.44
탐정 홍길동: 사라진 마을,8.24
매직브러시,7.71
다이노소어 어드벤처 : 백악기 공룡대백과,7.29
극장판 안녕 자두야,7.99
다이노X 탐험대,6.99
45년 후,8.16
나의 소녀시대,9.50
곡성,8.23
엽기적인 그녀 2,5.55
다이버전트 시리즈: 얼리전트,8.25
계춘할망,8.62
싱 스트리트,9.00
앵그리버드 더 무비,8.96
하드코어 헨리,6.77
동급생,9.51
몽키킹2: 서유기 여정의 시작,7.50
엑스맨: 아포칼립스,8.24
오베라는 남자,9.05
썸니아,7.67
아가씨,7.69
미 비포 유,8.78
무서운 이야기 3 : 화성에서 온 소녀,4.97
더 보이,6.50
바다 탐험대 옥토넛 시즌4: 아슬아슬 구조대작전,8.37
플래그 더 문,8.19
워크래프트: 전쟁의 서막,8.67
컨저링 2,8.34
본 투 비 블루,8.85
극장판 유희왕 더 다크 사이드 오브 디멘션즈,9.00
특별수사: 사형수의 편지,8.54
닌자터틀 : 어둠의 히어로,7.91
불의 전차,8.58
인디펜던스 데이 : 리써전스,7.34
비밀은 없다,7.00
굿바이 싱글,8.42
사냥,5.92
레전드 오브 타잔,8.03
도리를 찾아서,8.62
봉이 김선달,8.26
잔예 - 살아서는 안되는 방,5.38
나우 유 씨 미 2,8.53
언더 워터,8.24
데몰리션,8.43
트릭,6.40
더 웨이브,7.71
나의 산티아고,8.26
부산행,8.59
아이스 에이지: 지구 대충돌,8.06
극장판 요괴워치: 염라대왕과 5개의 이야기다냥!,8.42
인천상륙작전,8.55
태풍이 지나가고,8.66
제이슨 본,8.31
수어사이드 스쿼드,7.60
마이펫의 이중생활,9.00
덕혜옹주,8.72
명탐정 코난: 순흑의 악몽,9.02
국가대표 2,8.79
슈퍼 프렌즈,8.69
마이 리틀 자이언트,8.03
서울역,5.27
갤럭시 히어로즈: 라쳇 앤 클랭크,7.92
스타트렉 비욘드,8.47
파워배틀 와치카 미니카 배틀리그: 불꽃의 질주,7.93
라이트 아웃,7.71
플로렌스,8.58
올레,8.38
메카닉: 리크루트,7.67
머니 몬스터,8.42
이퀄스,8.13
거울나라의 앨리스,8.47
"고산자, 대동여지도",8.01
밀정,8.57
장난감이 살아있다,8.00
달빛궁궐,7.77
인천상륙작전 : 익스텐디드 에디션(확장판),9.14
드림 쏭,8.53
매그니피센트 7,8.05
벤허,9.37
카페 소사이어티,8.05
아이엠스타 뮤직어워드,7.68
아이 엠 어 히어로,7.56
대결,6.85
뉴 스텝업: 어반댄스,6.91
브리짓 존스의 베이비,9.10
설리: 허드슨강의 기적,8.92
미스 페레그린과 이상한 아이들의 집,8.58
아수라,6.54
피터와 드래곤,8.43
바다 탐험대 옥토넛 시즌4: 늪지탐험선K,8.52
립반윙클의 신부,7.79
백설공주 : 사라진 아빠를 찾아서,7.54
맨 인 더 다크,8.43
디시에르토,9.33
죽여주는 여자,8.44
그물,8.37
럭키,8.76
바스티유 데이,8.40
어카운턴트,8.15
극장판 프리파라 모두 모여라! 프리즘☆투어즈,5.40
토마스와 친구들: 용감한 기관차와 괴물소동,7.70
인페르노,8.10
미스터 캣,8.74
걷기왕,8.52
"무현, 두 도시 이야기",9.44
닥터 스트레인지,8.88
혼숨,6.25
쿠보와 전설의 악기,8.57
선생님의 일기,9.00
극장판 파워레인저: 닌자포스 VS 트레인포스 닌자 인 원더랜드,8.51
로스트 인 더스트,8.36
인어공주 : 새로운 모험의 시작,6.47
무한대를 본 남자,8.70
스플릿,9.15
위자: 저주의 시작,7.73
세상에서 고양이가 사라진다면,8.72
감바의 대모험,8.85
당신자신과 당신의 것,7.98
바후발리 : 더 비기닝,9.50
신비한 동물사전,7.46
가려진 시간,8.24
하이큐!! 끝과 시작,9.12
카페 6,9.00
순종,9.59
드래곤 네스트: 평화 기사단 VS 블랙 드래곤,7.88
연애담,8.92
형,8.92
블레어 위치,5.88
미스 사이공 : 25주년 특별 공연,9.36
리틀메딕: 몸속탐험대,7.91
테일 오브 테일즈,7.72
잭 리처: 네버 고 백,8.13
두 남자,7.89
미씽: 사라진 여자,8.53
도성풍운 3,5.83
언더월드: 블러드 워,6.11
캡틴 판타스틱,8.97
신밧드 더 무비,6.27
라라랜드,8.90
아기배달부 스토크,8.83
"나, 다니엘 블레이크",9.28
원피스 필름 골드,9.12
커튼콜,8.57
호비와 동화나라 대모험,8.54
"당신, 거기 있어줄래요",8.80
목숨 건 연애,7.53
스노우타임,8.06
마스터,8.65
씽,8.99
극장판 도라에몽: 신 진구의 버스 오브 재팬,8.95
포켓몬 더 무비 XY&Z 「볼케니온 : 기계왕국의 비밀」,8.74
에곤 쉴레: 욕망이 그린 그림,8.06
로그 원: 스타워즈 스토리,8.34
루돌프와 많이있어,8.73
하이큐!! 승자와 패자,9.27
너의 이름은.,9.02
눈의 여왕 3: 눈과 불의 마법대결,8.34
사랑하기 때문에,8.38
패신저스,8.03
여교사,7.29
어쌔신 크리드,7.29
얼라이드,8.58
모아나,9.22
7년-그들이 없는 언론,9.48
공조,8.83
터닝메카드W: 블랙미러의 부활,8.86
단지 세상의 끝,7.67
짱구는 못말려 극장판: 폭풍수면! 꿈꾸는 세계 대돌격,8.77
딥워터 호라이즌,8.77
레지던트 이블: 파멸의 날,8.59
매기스 플랜,8.07
바다 탐험대 옥토넛 시즌4: 바다 괴물 대소동,8.30
라이언,9.30
뚜르: 내 생애 최고의 49일,9.50
컨택트,9.21
트리플 엑스 리턴즈,8.19
명탐정 코난: 에피소드 원-작아진 명탐정,6.28
50가지 그림자: 심연,7.76
조작된 도시,8.56
발레리나,8.95
레고 배트맨 무비,8.70
그레이트 월,7.92
재심,8.70
더 큐어,7.31
"그래, 가족",9.26
마이펫 오지,8.08
23 아이덴티티,7.94
존 윅 - 리로드,8.73
문라이트,8.39
핵소 고지,9.20
루시드 드림,8.05
싱글라이더,8.00
극장판 소드 아트 온라인 -오디널 스케일-,9.25
사일런스,8.72
로건,8.93
해빙,6.64
콩: 스컬 아일랜드,8.13
파도가 지나간 자리,8.94
걸 온 더 트레인,7.41
비정규직 특수요원,7.26
스페이스 비트윈 어스,8.37
골드,8.60
아우토반,7.72
히든 피겨스,9.36
프리즌,8.25
보통사람,8.49
밤의 해변에서 혼자,7.62
극장판 암살교실 : 365일의 시간,8.72
아기돼지 3형제와 매직램프,7.53
개구리왕국 2,6.73
공각기동대 : 고스트 인 더 쉘,7.27
원라인,8.67
데스노트: 더 뉴 월드,7.49
미스 슬로운,9.32
분노,8.77
어느날,8.31
시간위의 집,8.36
패트리어트 데이,8.89
링스,4.81
슈퍼 버드,7.25
아빠는 딸,8.56
분노의 질주: 더 익스트림,9.18
리틀 프린세스 소피아: 엘레나와 비밀의 아발로 왕국,8.73
극장판 어드벤처 타임: 비밀의 아일랜드,8.16
오두막,9.16
파워레인져스: 더 비기닝,8.00
더 플랜,9.82
파운더,8.23
콜로설,7.50
마리안느와 마가렛,9.17
암살교실: 졸업편,9.43
임금님의 사건수첩,8.05
"서서평, 천천히 평온하게",9.41
특별시민,7.74
나는 부정한다,8.53
극장판 또봇: 로봇군단의 습격,9.33
극장판 쿠로코의 농구 라스트 게임,9.55
스머프: 비밀의 숲,8.61
보안관,8.26
보스 베이비,8.84
가디언즈 오브 갤럭시 VOL. 2,9.05
슈퍼 빼꼼: 스파이 대작전,8.15
언노운 걸,8.18
오즈의 마법사 2,6.39
석조저택 살인사건,8.21
에이리언: 커버넌트,8.19
목소리의 형태,8.73
겟 아웃,8.45
불한당: 나쁜 놈들의 세상,8.14
킹 아서: 제왕의 검,8.11
로스트 인 파리,8.07
캐리비안의 해적: 죽은 자는 말이 없다,8.58
노무현입니다,9.49
너와 100번째 사랑,8.49
대립군,7.59
원더 우먼,8.24
7번째 내가 죽던 날,8.64
꿈의 제인,8.87
베이블레이드 버스트 갓 : 갓 발키리의 탄생,7.49
바다 탐험대 옥토넛 시즌4: 더 파이널,8.38
파워배틀 와치카: 와치가면의 역습,8.49
미이라,7.49
악녀,7.83
용순,8.04
심야식당 2,8.79
킹 오브 프리즘 - 프라이드 더 히어로,9.83
엘르,8.35
꼬마돼지 베이브의 대모험,7.81
나의 붉은고래,7.59
꼬마참새 리차드: 아프리카 원정대,8.71
트랜스포머: 최후의 기사,6.90
다크 하우스,5.68
더 서클,6.95
박열,8.48
리얼,4.42
지랄발광 17세,7.90
옥자,8.77
부니베어: 로거빅 컴백홈 프로젝트,6.69
토마스와 친구들: 수수께끼 해적선과 보물찾기,7.88
스파이더맨: 홈 커밍,8.83
그 후,7.99
베를린 신드롬,4.80
플립,9.11
내 사랑,9.17
카3: 새로운 도전,8.62
예수는 역사다,9.04
47 미터,8.17
내가 죽기 전에 가장 듣고 싶은 말,8.60
덩케르크,8.61
극장판 짱구는 못말려 : 습격!! 외계인 덩덩이,8.67
오즈: 신기한 마법가루,7.58
위시 어폰,7.61
슈퍼배드 3,8.76
군함도,7.35
송 투 송,5.74
택시운전사,9.28
명탐정 코난:진홍의 연가,8.89
이모티: 더 무비,7.64
파리로 가는 길,8.13
청년경찰,9.03
빅풋 주니어,8.82
애나벨 : 인형의 주인,7.59
극장판 도라에몽: 진구의 남극 꽁꽁 대모험,8.68
혹성탈출: 종의 전쟁,8.15
드래곤 스펠: 마법 꽃의 비밀,8.44
공범자들,9.61
장산범,7.42
다크타워: 희망의 탑,7.38
더 테이블,8.32
극장판 위 베어 베어스: 곰 브라더스,7.65
발레리안: 천 개 행성의 도시,8.10
로마의 휴일,9.75
킬러의 보디가드,9.10
아토믹 블론드,8.04
김광석,8.91
살인자의 기억법,8.17
그것,7.83
매혹당한 사람들,7.77
저수지 게임,9.69
극장판 에그엔젤 코코밍: 푸르밍과 두근두근 코코밍 세계,8.03
몬스터 섬의 비밀,8.70
베이비 드라이버,8.41
아메리칸 메이드,7.72
"좋아해, 너를",8.40
몬스터 콜,8.57
윈드 리버,8.52
인비저블 게스트,8.83
아이 캔 스피크,9.23
잃어버린 도시 Z,7.06
킹스맨: 골든 서클,8.60
극장판 요괴워치: 하늘을 나는 고래와 더블세계다냥!,8.59
우리의 20세기,8.43
다시 태어나도 우리,9.26
레고 닌자고 무비,8.70
리틀 프린세스 소피아 : 신비한 섬,8.64
범죄도시,9.28
남한산성,8.17
넛잡 2,8.63
매직울프,6.61
딥,7.99
어메이징 메리,9.09
희생부활자,6.62
블레이드 러너 2049,8.20
"나는 내일, 어제의 너와 만난다",8.44
나의 엔젤,8.08
주키퍼스 와이프,8.58
대장 김창수,8.45
지오스톰,8.12
마더!,7.19
노 게임 노 라이프 -제로-,8.00
잠깐만 회사 좀 관두고 올게,8.21
너의 췌장을 먹고 싶어,8.52
토르: 라그나로크,9.02
유리정원,8.22
뷰티풀 투모로우,9.27
배저로와 친구들: 신비한 모험,6.91
직쏘,7.26
침묵,8.25
부라더,7.83
메소드,8.07
배드 지니어스,8.76
내게 남은 사랑을,8.67
신서유기 : 몽키킹의 부활,8.60
해피 데스데이,8.29
러빙 빈센트,9.18
채비,8.80
미옥,6.98
극장판 파워레인저: 애니멀포스 VS 닌자포스 미래에서 온 메시지 ,8.76
리빙보이 인 뉴욕,8.19
7호실,7.12
저스티스 리그,7.90
하이큐!! 재능과 센스,9.55
페이트 스테이 나이트 헤븐즈필 제1장 프레시지 플라워,9.18
꾼,8.32
키드냅,10.00
래빗 스쿨,8.55
역모-반란의 시대,6.67
피터와 모글리의 크리스마스 어드벤처,7.40
반드시 잡는다,8.11
오리엔트 특급 살인,7.87
기억의 밤,8.41
빅 배드 폭스,9.05
뽀로로 극장판 공룡섬 대모험,9.21
메리와 마녀의 꽃,7.92
산상수훈,8.29
어쌔신: 더 비기닝,8.06
강철비,8.73
스타워즈: 라스트 제다이,7.80
튤립 피버,7.74
극장판 숲의 요정 페어리루 ~크리스마스의 기적: 마법의 날개~,7.91
신과함께-죄와 벌,8.73
위대한 쇼맨,9.29
극장판 포켓몬스터 너로 정했다!,8.91
몬스터 패밀리,8.30
패터슨,8.52
더 크리스마스,8.75
1987,9.31
원더,9.43
극장판 프리파라 모두의 동경♪ 렛츠고☆프리파리,8.25
페르디난드,8.97
쥬만지: 새로운 세계,8.44
코코,9.20
다운사이징,5.83
"쏘아올린 불꽃, 밑에서 볼까? 옆에서 볼까?",6.91
하이큐!! 콘셉트의 싸움,9.49
메이즈 러너: 데스 큐어,8.15
그것만이 내 세상,9.17
다키스트 아워,9.16
젝스키스 에이틴,9.02
리틀 뱀파이어,8.38
주문은 토끼입니까?? ~디어 마이 시스터~,8.47
1급기밀,8.86
비밥바룰라,9.27
커뮤터,8.78
극장판 레이디버그: 미라클스톤의 비밀,8.96
인시디어스4: 라스트 키,7.32
염력,6.19
12 솔져스,9.54
올 더 머니,8.52
마야2,9.14
더 포리너,9.50
조선명탐정: 흡혈괴마의 비밀,7.52
패딩턴 2,9.13
겨울왕국의 무민,7.43
터닝메카드W: 반다인의 비밀 특별판,7.38
흥부: 글로 세상을 바꾼 자,6.89
블랙 팬서,8.33
명탐정 코난:감벽의 관,8.59
골든슬럼버,6.27
50가지 그림자: 해방,8.36
셰이프 오브 워터: 사랑의 모양,8.69
월요일이 사라졌다,8.50
반딧불이 딘딘,7.78
리틀 포레스트,9.01
궁합,7.49
더 포스트,8.80
레드 스패로,8.55
게이트,8.90
나미야 잡화점의 기적,7.66
사라진 밤,7.94
온리 더 브레이브,9.22
플로리다 프로젝트,8.92
툼레이더,7.58
지금 만나러 갑니다,8.98
로건 럭키,8.48
허리케인 하이스트,8.48
쓰리 빌보드,9.04
퍼시픽 림: 업라이징,7.95
소공녀,9.21
콜 미 바이 유어 네임,9.12
7년의 밤,6.01
레디 플레이어 원,8.72
곤지암,7.51
막달라 마리아: 부활의 증인,7.86
레이디 버드,8.68
바람 바람 바람,6.65
덕구,9.30
번개맨과 신비의 섬,9.43
문호 스트레이독스 [데드 애플],9.57
램페이지,8.82
"그날, 바다",9.82
머니백,7.25
스파키,8.18
달링,9.10
나를 기억해,8.14
정글번치: 최강 악당의 등장,7.59
크리미널 스쿼드,6.73
무문관,9.32
몬태나,8.43
당신의 부탁,8.49
어벤져스: 인피니티 워,9.08
당갈,9.62
살인소설,7.27
아기곰 보보 구출 대작전,7.54
클레어의 카메라,7.52
레오나르도 다 빈치,8.26
챔피언,7.47
매직빈,7.40
"부르고뉴, 와인에서 찾은 인생",8.66
커다랗고 커다랗고 커다란 배,8.89
얼리맨,8.39
원더스트럭,7.22
샷 콜러,8.83
레슬러,6.43
루비 스팍스,7.82
중2병이라도 사랑이 하고 싶어! 테이크 온 미,6.79
씨 오브 트리스,7.00
보리 vs 매켄로,8.67
피터 래빗,9.18
"안녕, 나의 소녀",7.13
데드풀 2,9.09
임을 위한 행진곡,7.00
버닝,7.82
마징가 Z: 인피니티,8.12
5.18 힌츠페터 스토리,9.67
다이노 헌터: 티렉스VS파키리노 대격돌,7.61
독전,8.41
트루스 오어 데어,8.07
한 솔로: 스타워즈 스토리,8.38
위 베어 베어스: 베이비 베어스,7.82
서산개척단,9.58
"세라비, 이것이 인생!",8.82
"스탠바이, 웬디",8.80
꼬마영웅 바비,8.92
디트로이트,8.44
아이 필 프리티,9.02
쥬라기 월드: 폴른 킹덤,8.54
극장판 포켓몬스터DP - 디아루가 VS 펄기아 VS 다크라이,8.17
벅스 프렌즈,8.25
호비와 매직 아일랜드,9.20
유전,7.89
오션스8,8.37
탐정: 리턴즈,8.99
토니스토리2: 고철왕국의 친구들,6.08
바르다가 사랑한 얼굴들,8.93
류이치 사카모토: 코다,8.97
여중생A,7.39
아일라,9.14
미드나잇 선,8.79
더 펜션,8.50
개들의 섬,8.69
유니콘 원정대: 비밀의 다이어리,7.63
마녀,8.57
허스토리,9.54
빅샤크: 매직체인지,7.62
시카리오: 데이 오브 솔다도,8.87
앤트맨과 와스프,8.85
변산,8.33
드래곤 프린세스,5.00
스카이스크래퍼,8.66
"오늘 밤, 로맨스 극장에서",8.38
킬링 디어,8.28
꼬마 보트 토토: 타요 타요 배 타요,5.81
속닥속닥,8.97
인크레더블 2,9.32
호텔 아르테미스,7.13
독전: 익스텐디드 컷,8.41
이별의 아침에 약속의 꽃을 장식하자,9.13
신은 죽지 않았다 3: 어둠 속의 빛,8.95
미션 임파서블: 폴아웃,9.15
신비아파트: 금빛 도깨비와 비밀의 동굴,8.81
인랑,5.26
해적왕 작스톰,7.14
어느 가족,9.25
신과함께-인과 연,8.63
극장판 헬로카봇 : 백악기 시대,9.31
더 스퀘어,8.06
맘마미아!2,9.08
공작,7.86
몬스터 호텔 3,8.69
명탐정 코난 : 제로의 집행인,9.25
목격자,7.56
극장판 도라에몽: 진구의 보물섬,8.95
플로이,8.18
나를 차버린 스파이,8.20
너의 결혼식,9.01
마일22,7.77
서치,8.96
업그레이드,9.04
어드리프트:우리가 함께한 바다,8.81
양말요정 휴고의 대모험,7.41
물괴,6.45
더 프레데터,7.34
바니부기: 드래곤 에그를 찾아서,7.50
더 게스트,5.11
타샤 튜더,9.16
죄 많은 소녀,8.38
더 넌,7.37
협상,8.16
명당,7.75
안시성,8.63
극장판 뽀잉: 슈퍼 변신의 비밀,8.36
극장판 요괴워치 섀도사이드: 도깨비왕의 부활,8.92
체실 비치에서,7.80
에그엔젤 코코밍: 두근두근 핼러윈 파티,5.33
원더풀 고스트,7.99
파이널 포트레이트,7.94
암수살인,8.58
베놈,8.24
곰돌이 푸 다시 만나 행복해,8.94
셜록 놈즈,8.32
스타 이즈 본,9.15
극장판 가면라이더 이그제이드: 트루 엔딩,8.80
리즈와 파랑새,9.02
다이노 어드벤처2: 육해공 공룡 대백과,5.21
노크: 초대받지 않은 손님,6.88
미쓰백,9.26
에브리데이,8.75
킨: 더 비기닝,9.26
퍼스트맨,7.86
펭귄 하이웨이,7.23
배반의 장미,8.01
액슬,8.27
창궐,6.46
크레이지 리치 아시안,7.99
완벽한 타인,9.08
바울,9.49
보헤미안 랩소디,9.45
벽 속에 숨은 마법시계,7.85
할로윈,5.05
나츠메 우인장: 세상과 연을 맺다,9.26
폴란드로 간 아이들,9.58
캡틴 스터비,9.09
구스범스: 몬스터의 역습,8.58
동네사람들,7.13
알리바이 닷 컴,6.00
박물관이 진짜 살아있다,7.78
여곡성,5.00
신비한 동물들과 그린델왈드의 범죄,7.46
출국,9.32
번 더 스테이지: 더 무비,9.31
로빈슨의 언더워터 어드벤처,5.80
성난황소,8.66
베일리 어게인,9.41
꼬마비행기 피티와 친구들:사막구출 대작전,1.50
툴리,8.93
캡틴 샤키,8.41
국가부도의 날,8.71
거미줄에 걸린 소녀,8.62
후드,8.09
모털 엔진,7.19
런닝맨 : 풀룰루의 역습,7.73
도어락,7.70
호두까기 인형과 4개의 왕국,8.18
번개맨의 비밀,8.74
헌터 킬러,9.00
스파이더맨: 뉴 유니버스,9.38
모어 댄 블루,7.92
부탁 하나만 들어줘,8.11
엘리엇과 산타 썰매단,6.91
스윙키즈,8.93
마약왕,7.18
아쿠아맨,8.77
그린치,8.50
극장판 짱구는 못말려: 아뵤! 쿵후 보이즈 ~라면 대란~,8.89
극장판 포켓몬스터 모두의 이야기,9.16
범블비,8.75
점박이 한반도의 공룡2 : 새로운 낙원,9.16
PMC: 더 벙커,6.53
